{
  "Author": "ocealot",
  "Name": "EasyEyes",
  "InternalName": "EasyEyes",
  "AssemblyVersion": "1.3.4.0",
  "Description": "A plugin which can hide any VFX. Icon by PAPACHIN",
  "ApplicableVersion": "any",
  "RepoUrl": "https://github.com/happytunesai/EasyEyes",
  "Tags": [
    "VFX",
    "AVFX"
  ],
  "DalamudApiLevel": 14,
  "LoadRequiredState": 0,
  "LoadSync": false,
  "CanUnloadAsync": false,
  "LoadPriority": 69419,
  "Punchline": "Hide annoying or distracting VFXs",
  "AcceptsFeedback": true
}